Product,Standard
wb1test,M-WB1
sdr1test,M-WB1
CU0209-1201E1W11-00E-6062,M-WB1
CU0209-1201E1W11-000-6062,M-WB1
CU0209-1201E1W11-00B-6062,M-WB1
CU0209-1202E1W11-00E-6062,M-WB1
CU0209-1202E1W11-000-6062,M-WB1
CU0209-1202E1W11-00B-6062,M-WB1
CU0209-1203E1W11-00E-6062,M-WB1
CU0209-1203E1W11-000-6062,M-WB1
CU0209-1203E1W11-00B-6062,M-WB1
CU0209-1204E1W11-00E-6062,M-WB1
CU0209-1204E1W11-000-6062,M-WB1
CU0209-1204E1W11-00B-6062,M-WB1
CU0309-1205E1W11-00E-6012,M-WB1
CU0309-1205E1W11-000-6012,M-WB1
CU0309-1205E1W11-00B-6012,M-WB1
CU0309-1206E1W11-00E-6012,M-WB1
CU0309-1206E1W11-000-6012,M-WB1
CU0309-1206E1W11-00B-6012,M-WB1
CU0309-1208E1W11-00E-6012,M-WB1
CU0309-1208E1W11-000-6012,M-WB1
CU0309-1208E1W11-00B-6012,M-WB1
CU0309-1210E1W11-00E-6012,M-WB1
CU0309-1210E1W11-000-6012,M-WB1
CU0309-1210E1W11-00B-6012,M-WB1
CU0409-1212E1W11-00E-6012,M-WB1
CU0409-1212E1W11-000-6012,M-WB1
CU0409-1212E1W11-00B-6012,M-WB1
CU0409-1812E1W12-00E-6012,M-WB1
CU0409-1812E1W12-000-6012,M-WB1
CU0409-1812E1W12-00B-6012,M-WB1
CU0409-1818E1W12-00E-6012,M-WB1
CU0409-1818E1W12-000-6012,M-WB1
CU0409-1818E1W12-00B-6012,M-WB1
CU0509-1825E1W12-00E-6012,M-WB1
CU0509-1825E1W12-000-6012,M-WB1
CU0509-1825E1W12-00B-6012,M-WB1
CU0509-3618E1W13-00E-6012,M-WB1
CU0509-3618E1W13-000-6012,M-WB1
CU0509-3618E1W13-00B-6012,M-WB1
CU0409-1211E1W11-00E-6012,M-WB1
CU0409-1211E1W11-000-6012,M-WB1
CU0409-1211E1W11-00B-6012,M-WB1
CU0208-1201C9-11-00E-6012,M-WB2
CU0208-1201C9-11-000-6012,M-WB2
CU0208-1202C9-11-00E-6012,M-WB2
CU0208-1202C9-11-000-6012,M-WB2
CU0208-1202C9-11-00B-6012,M-WB2
CU0208-1203C9-11-00E-6012,M-WB2
CU0208-1203C9-11-000-6012,M-WB2
CU0208-1203C9-11-00B-6012,M-WB2
CU0208-1204C9-11-00E-6012,M-WB2
CU0208-1204C9-11-000-6012,M-WB2
CU0208-1204C9-11-00B-6012,M-WB2
CU0308-1205C9-11-00E-6012,M-WB2
CU0308-1205C9-11-000-6012,M-WB2
CU0308-1205C9-11-00B-6012,M-WB2
CU0308-1206C9-11-00E-6012,M-WB2
CU0308-1206C9-11-000-6012,M-WB2
CU0308-1206C9-11-00B-6012,M-WB2
CU0308-1208C9-11-00E-6012,M-WB2
CU0308-1208C9-11-000-6012,M-WB2
CU0308-1208C9-11-00H-6012,M-WB2
CU0308-1208C9-11-00B-6012,M-WB2
CU0308-1210C9-11-00E-6012,M-WB2
CU0308-1210C9-11-000-6012,M-WB2
CU0408-1211C9-11-00E-6012,M-WB2
CU0408-1211C9-11-000-6012,M-WB2
CU0408-1212C9-11-00E-6012,M-WB2
CU0408-1212C9-11-000-6012,M-WB2
CU0408-1212C9-11-00B-6012,M-WB2
CU0408-1812C9-12-00E-6012,M-WB2
CU0408-1812C9-12-000-6012,M-WB2
CU0408-1812C9-12-00B-6012,M-WB2
CU0408-1818C9-12-00E-6012,M-WB2
CU0408-1818C9-12-000-6012,M-WB2
CU0208-1201C9-11-00B-6012,M-WB2
CU0308-1210C9-11-00B-6012,M-WB2
CU0408-1211C9-11-00B-6012,M-WB2
CU0408-1818C9-12-00B-6012,M-WB2
RU04P8-1212C9-11-00E-6012,M-WB2
RU04P8-1212C9-11-000-6012,M-WB2
RU04R8-1216C9-11-00E-6012,M-WB2
RU04R8-1216C9-11-000-6012,M-WB2
RU04T8-1216C4-11-00A-6012,M-WB2
RU04T8-1216C4-11-00E-6012,M-WB2
RU04T8-1216C4-11-000-6012,M-WB2
RU04T8-1216C4-11-00B-6012,M-WB2
CU0208-1201C9-11-00A-6012,M-WB2
CU0208-1202C9-11-00A-6012,M-WB2
CU0208-1203C9-11-00A-6012,M-WB2
CU0208-1204C9-11-00A-6012,M-WB2
CU0308-1205C9-11-00A-6012,M-WB2
CU0308-1206C9-11-00A-6012,M-WB2
CU0308-1208C9-11-00A-6012,M-WB2
CU0308-1210C9-11-00A-6012,M-WB2
CU0408-1211C9-11-00A-6012,M-WB2
CU0408-1212C9-11-00A-6012,M-WB2
CU0408-1812C9-12-00A-6012,M-WB2
CU0408-1818C9-12-00A-6012,M-WB2
CU0508-1825C9-12-00A-6012,M-WB2
CU0508-3618C9-13-00A-6012,M-WB2
CU0208-0604C9-01-00B-6012,M-WB2
CU0208-1204C9-11-00H-6012,M-WB2
CU0408-1812C9-12-00F-6012,M-WB2
CU0308-1205C9-11-00H-6012,M-WB2
CU0408-1212C9-11-00H-6012,M-WB2
CU0408-1818C9-12-00H-6012,M-WB2
CU0408-1318C9-11-00H-6012,M-WB2
CU0408-1318C9-11-00E-6012,M-WB2
CU0408-1318C9-11-000-6012,M-WB2
MSL930H7306C4-0AC,M-WB4
MSL931H3712C4-0AC,M-WB4
MSL936H4606C4-0AC,M-WB4
MSL933H3012C4-0AC,M-WB4
MSL937H2414C4-0AC,M-WB4
CBU970H1832C1-000,M-WB4
CBL972H1824C4-000,M-WB4
CBL972H1824C4-00B,M-WB4
MHL938H3620C4-0AD,M-WB4
MHL939H2320C4-0AD,M-WB4
MHL939H4710C4-0AD,M-WB4
MHL93AH3120C4-0AD,M-WB4
MHL93BH1540C4-0AD,M-WB4
ENL950H1008C4-00B,M-WB4
ENL950H1008C4-00E,M-WB4
EL952B-1018C4-10-00B-6011,M-WB2
EL952B-1018C4-10-00E-6011,M-WB2
EL952B-1018C4-10-00A-6011,M-WB2
ENL960H1227C4-00B,M-WB4
ENL960H1227C4-00E,M-WB4
MHL944H4711C4-0AA,M-WB4
MHL944H4711C4W0AA,M-WB3
TH965C-1136C4-19-00A-6011,M-WB2
EL910B-4004C4-N0-B0A-6013,M-WB2
EL910B-4004C4-N0-00A-6013,M-WB2
EL910B-4004C4-N0-00E-6013,M-WB2
EL910B-2804C4-N0-B0A-6013,M-WB2
EL910B-2804C4-N0-00A-6013,M-WB2
EL910B-2804C4-N0-00E-6013,M-WB2
EL912B-3602C9-N0-00A-6013,M-WB2
EL912B-3602C9-N0-00E-6013,M-WB2
EL912B-2402C9-N0-00A-6013,M-WB2
EL912B-2402C9-N0-00E-6013,M-WB2
AU0309-1210E1W11-00E-6012,M-WB1
AU0309-1210E1W11-000-6012,M-WB1
CU7R04-0403E1W01-00E-6015,M-WB5
CU7R04-0403E1W01-00B-6015,M-WB5
CU7A04-0403E1W01-00E-6015,M-WB5
CU7A04-0403E1W01-00B-6015,M-WB5
CU7A04-1201E1W11-00E-6015,M-WB5
CU7A04-1201E1W11-00B-6015,M-WB5
CU7004-1202E1W11-00E-6015,M-WB5
CU7004-1202E1W11-00B-6015,M-WB5
CU7104-1204E1W11-00E-6015,M-WB5
CU7104-1204E1W11-00B-6015,M-WB5
CU7204-1206E1W11-00E-6015,M-WB5
CU7204-1206E1W11-00B-6015,M-WB5
CU7304-1210E1W11-00E-6015,M-WB5
CU7304-1210E1W11-00B-6015,M-WB5
