﻿ダイボンドキュア条件
50℃→150℃(50min) + 150℃×4H + 40℃×30min,Overheating:160℃
STEP3:150
この下から記述(EDIT STARTとEDIT ENDは忘れずに！)
PRGM DATA WRITE,PGM1,EDIT START
PRGM DATA WRITE,PGM1,STEP1,TEMP50,TRAMP OFF,TIME 0:01,GRANTY ON
PRGM DATA WRITE,PGM1,STEP2,TEMP150,TRAMP ON,TIME 0:50,GRANTY OFF
PRGM DATA WRITE,PGM1,STEP3,TEMP150,TRAMP OFF,TIME 4:00,GRANTY ON
PRGM DATA WRITE,PGM1,STEP4,TEMP40,TRAMP OFF,TIME 0:30,GRANTY ON
PRGM DATA WRITE,PGM1,CYCLE,1
PRGM DATA WRITE,PGM1,HTEMP,160
PRGM DATA WRITE,PGM1,END,OFF
PRGM DATA WRITE,PGM1,EDIT END